parameter,bound,value,first_peak_pct,pre60_pct,auc42_pct
CLbase,lower,0.962,0.17618604463964793,7.860276580286518,3.948405597245297
CLbase,upper,1.2,-0.17874580518357774,-7.263871237741981,-3.773513503952841
V1,lower,5.221,4.948091661765885,-0.42813920935190763,0.7574653095463679
V1,upper,5.76,-4.518701298576699,0.35983336261329324,-0.7613163821238222
CLss,lower,0.561,0.00016292533575601453,0.7077618079470049,1.196146200317294
CLss,upper,0.607,-0.00016292501562320538,-0.7018606382714898,-1.1706722225490518
HLtrans,lower,14.026,0.0005678792698082802,1.902615754046666,2.237522785164514
HLtrans,upper,18.6,-0.0004334530248728541,-1.5155221117518658,-1.8983300910524692
V2,lower,5.729,0.0021964409102182003,2.7902743407665076,1.485542857899036
V2,upper,6.61,-0.001902052322033665,-2.638777432917838,-1.4283756713753482
Q,lower,1.354,0.15497783745399563,-1.204256354752009,-0.06936184148916835
Q,upper,1.57,-0.16016700887578894,1.2209652741133947,0.07120176019101976
