scenario,t,y_observed,direct_fit,two_step_fit,y_true
fast,0.0,0.040045394374237146,0.03971415778277374,0.04019122277160906,0.04005365602087464
fast,1.0,0.042832367106556926,0.046069464066066504,0.043910904997791274,0.044002298556334536
fast,2.0,0.10174855772784146,0.09981631672335126,0.0965545836667464,0.09722344385607742
fast,3.0,0.1372795301586966,0.13789763100801927,0.1373813304690613,0.13765155558964104
fast,4.0,0.15811267717314367,0.1556642487284967,0.15847135585091485,0.1582147598758499
fast,5.0,0.12300227342957455,0.11703752561305719,0.12090551016183242,0.11986004311639871
fast,6.0,0.09168278663594659,0.08843084027635413,0.0892410881826352,0.08844712316157334
fast,7.0,0.07022931956045789,0.07049746405038239,0.06998151356703741,0.06938466915226649
fast,8.0,0.0593447742903026,0.05925644554806071,0.058275971754758675,0.057822702767604796
fast,9.0,0.05122569856173753,0.05221033847664934,0.05116160763851635,0.05081001566751322
fast,10.0,0.047332525247547004,0.04779369024601403,0.046837657703475546,0.04655660593434558
fast,11.0,0.04814001178180648,0.05113388508903544,0.047948468279629446,0.04794482433989986
fast,12.0,0.09951719962722626,0.10299080245075713,0.09900852316330483,0.09961470654281647
fast,13.0,0.13591233752626045,0.1398874655001094,0.13887277950788526,0.13910192972476482
fast,14.0,0.16010899627368838,0.15691151887856009,0.15937782491429317,0.15909445625693727
fast,15.0,0.11890363335991896,0.11781934080515916,0.12145644159886507,0.12039360594259607
fast,16.0,0.08733144199388844,0.0889208984994463,0.08957593187539625,0.08877074537461566
fast,17.0,0.07051691112260457,0.07080464286254287,0.07018502400594477,0.06958095594666418
fast,18.0,0.05832822208381729,0.05944899169501632,0.05839966080619319,0.05794175672650386
fast,19.0,0.051176202364115124,0.05233103045552218,0.05123678305225386,0.05088222554374578
fast,20.0,0.048018896966417104,0.047869342519093305,0.04688334762317989,0.04660040343820279
fast,21.0,0.046517691607858555,0.0511813054390532,0.04797623758744546,0.047971388874852104
fast,22.0,0.1019985789815121,0.10302052652262762,0.09902540072183251,0.09963081874772171
fast,23.0,0.13623436097318956,0.1399060971728521,0.13888303730701893,0.13911170227106145
fast,24.0,0.1569833807452354,0.15692319761232043,0.15938405937308328,0.15910038360586354
fast,25.0,0.12252799244877609,0.1178266612761561,0.12146023076220348,0.1203972010614639
fast,26.0,0.09154107234300171,0.08892548712565046,0.08957823484335023,0.0887729259244298
fast,27.0,0.06999897587704884,0.0708075191100591,0.0701864236978882,0.06958227851697958
fast,28.0,0.058980574974320084,0.05945079458751743,0.05840051150736462,0.0579425589059498
fast,29.0,0.05261429268762768,0.052332160546500875,0.05123730008922511,0.05088271209017433
fast,30.0,0.046346957743860814,0.04787005089891949,0.04688366186658118,0.04660069854352975
fast,31.0,0.04854228939807444,0.05118174957988804,0.04797642857924269,0.047971567866657246
fast,32.0,0.09569687852023905,0.10302080492347167,0.09902551680233056,0.09963092731173874
fast,33.0,0.1393216248628477,0.1399062716815309,0.1388831078581338,0.13911176811847084
fast,34.0,0.15929820971506883,0.15692330698598814,0.15938410225245775,0.15910042354433168
fast,35.0,0.12187341314946822,0.11782672984091906,0.12146025682331824,0.12039722528537189
fast,36.0,0.0898082883957252,0.08892553010312271,0.08957825068270722,0.0887729406169719
fast,37.0,0.06999915429963748,0.07080754604924341,0.0701864333246916,0.0695822874284565
fast,38.0,0.05625715281734166,0.05945081147356534,0.05840051735831844,0.05794256431103378
fast,39.0,0.051038283265182775,0.05233217113103122,0.05123730364530278,0.050882715368523485
fast,40.0,0.046480607175105486,0.04787005773232315,0.04688366402788533,0.04660070053194916
fast,41.0,0.04869003660098846,0.05118175389140803,0.04797642991020735,0.04797156906011532
fast,42.0,0.09754507378609084,0.10302080762407331,0.09902551761081746,0.09963092803554052
fast,43.0,0.14167629545637395,0.13990627337450315,0.1388831083500664,0.1391117685576427
fast,44.0,0.16351877276167393,0.15692330805020382,0.15938410255116683,0.1591004238104219
fast,45.0,0.12200763466739763,0.1178267305060938,0.12146025700501,0.12039722544691754
fast,46.0,0.08881115927014928,0.08892553051960164,0.08957825079301772,0.08877294071494359
fast,47.0,0.07084614190684284,0.07080754631030108,0.07018643339169754,0.06958228748787515
fast,48.0,0.05839883928734211,0.059450811637201784,0.05840051739904313,0.05794256434707302
fast,49.0,0.050320273188168375,0.052332171233601975,0.051237303670054336,0.0508827153903824
fast,50.0,0.048245721630628347,0.04787005756370245,0.04688366404294512,0.046600700545209095
fast,51.0,0.04763142593184396,0.05118175359611064,0.04797642989927744,0.04797156909619066
fast,52.0,0.0988425782909509,0.10302080743680087,0.09902551760462078,0.09963092805748158
fast,53.0,0.13446718914672282,0.13990627325572424,0.13888310834574297,0.1391117685708292
fast,54.0,0.1616103794498945,0.15692330798530724,0.15938410254881608,0.15910042381865677
fast,55.0,0.11939705774860387,0.11782673045974915,0.12146025700343877,0.12039722545174439
fast,56.0,0.08714617643839918,0.08892553049151672,0.08957825079218064,0.08877294071790624
fast,57.0,0.07140313135534272,0.07080754629269716,0.07018643339122722,0.0695822874896873
fast,58.0,0.0572792353461557,0.0594508116261673,0.05840051739875731,0.05794256434817212
fast,59.0,0.050532174548240195,0.05233217122668532,0.051237303669880614,0.050882715391049035
fast,60.0,0.04709341866115783,0.047870057549690044,0.04688366404282282,0.04660070054560815
slow,0.0,1.4303560502505763,1.571305093177631,1.3407857977617168,1.335121867362488
slow,1.0,1.3690277858235695,1.604664305886847,1.3502322392822739,1.344233060304436
slow,2.0,1.7194798055990284,2.150360747800201,1.66657774079023,1.6512006257056784
slow,3.0,2.3544587823148673,2.6855866384218694,2.323871533331605,2.2954404747777213
slow,4.0,3.021023569954975,3.1034594518388214,3.0570957238886494,3.0214586551722133
slow,5.0,3.3464328582298966,2.9575584707935567,3.443165431379114,3.4154330709211607
slow,6.0,3.4950525937007697,2.7765274426683906,3.3974500675152637,3.3852878954016514
slow,7.0,3.1572727208818288,2.616107408907025,3.1627998823745016,3.162486382688916
slow,8.0,2.7944282558410056,2.4739738688456536,2.870156303674831,2.8758380293627877
slow,9.0,2.560701429150156,2.3480423280914975,2.5827229267948106,2.589733863653263
slow,10.0,2.343212172061735,2.2364658993284734,2.3275431505526014,2.333051143974135
slow,11.0,2.110177591520695,2.194002508184108,2.1226096607237688,2.1249793450451353
slow,12.0,2.2404254870984253,2.672519471296751,2.2648241278338967,2.254739730093433
slow,13.0,2.772811848304935,3.148223765017089,2.783716518412998,2.75780629202952
slow,14.0,3.4765920197474753,3.513359930930523,3.4085697687331207,3.3732391210194876
slow,15.0,3.6499959766839227,3.3207338258904673,3.7106792528218997,3.681649733727499
slow,16.0,3.6680597113601094,3.098303935455529,3.6004154495551837,3.5859094657553747
slow,17.0,3.3881981868906306,2.901204153114974,3.316422035598836,3.3131747735569865
slow,18.0,2.9699681143809427,2.726572039874084,2.986218459611175,2.9887227817007043
slow,19.0,2.7307988065033753,2.571846483358766,2.670285708543069,2.6741203497561097
slow,20.0,2.35025564528002,2.434758308704582,2.39353380068566,2.3960267927121666
slow,21.0,2.1506246279997705,2.3696912835863415,2.172301736437077,2.171912221921901
slow,22.0,2.2702451323949298,2.828181239454543,2.3022193604629098,2.289677906344177
slow,23.0,2.822388004568301,3.28614143238528,2.81184413410383,2.7837919036734253
slow,24.0,3.309052468233567,3.6355561720762752,3.429718568730596,3.392552071021985
slow,25.0,3.768359621074543,3.4290007481881104,3.7265761376521183,3.6959949276147257
slow,26.0,3.585307939569923,3.194229361142123,3.6123619470289787,3.5965595787594147
slow,27.0,3.3669856399237377,2.9861949065200073,3.3253982585977,3.3210784802828557
slow,28.0,3.0411321012014456,2.801874579452653,2.9929620048853693,2.9945864278649337
slow,29.0,2.6494171273878715,2.638565182038357,2.675351388689752,2.678469362494692
slow,30.0,2.4387728301668634,2.4938716488916906,2.3973387801956125,2.3992517240994977
slow,31.0,2.156794736198581,2.4220662167368205,2.175159588609881,2.1743031870261293
slow,32.0,2.2871708239542388,2.8745858816682954,2.304365738984248,2.291450315261728
slow,33.0,2.812061070274781,3.3272563450911883,2.8134561031809513,2.785105627032473
slow,34.0,3.3882916977797333,3.671984338738077,3.4309291517859744,3.393525720293887
slow,35.0,3.6995540266425264,3.4612764176738793,3.727485260980056,3.6967164785908713
slow,36.0,3.5976548386747855,3.222825882329181,3.6130446684353923,3.597094270954081
slow,37.0,3.434484787297452,3.011531670605815,3.325910952841354,3.321474683456956
slow,38.0,2.929193831605328,2.8243231706690644,2.993347012106977,2.994879999078013
slow,39.0,2.7112892810158153,2.6584548272154147,2.675640507159883,2.678686879778153
slow,40.0,2.394909335949242,2.511494046704072,2.3975558903372525,2.399412885718607
slow,41.0,2.1954276870397713,2.4376798066510985,2.175322617501641,2.1744225913228212
slow,42.0,2.3559185872247808,2.8884196565824705,2.304488158917964,2.2915387799393874
slow,43.0,2.807912222877361,3.3395131888171847,2.8135480297616517,2.7851711680036515
slow,44.0,3.4316278555207274,3.6828440080677556,3.430998180608972,3.3935742770988044
slow,45.0,3.698751976597306,3.470898178095274,3.7275370959497685,3.6967524521002426
slow,46.0,3.6287992270103966,3.231350844916812,3.6130835922169626,3.5971209218395868
slow,47.0,3.333197923367878,3.019084860887597,3.3259401814310117,3.321494427557915
slow,48.0,2.960433344853737,2.8310153623175807,2.9933689604226643,2.9948946262555567
slow,49.0,2.6114006795595204,2.6643841666587096,2.6756569885912573,2.6786977160930077
slow,50.0,2.3649845750944327,2.5167474920394897,2.397568266584039,2.3994209136007187
slow,51.0,2.203915745195781,2.4423344036902397,2.1753319315321438,2.174428540420927
slow,52.0,2.3998281542939712,2.8925436695928024,2.304495164916776,2.2915431882667945
slow,53.0,2.8779838187019813,3.3431670998668173,2.8135532976269375,2.7851744344628426
slow,54.0,3.420972243952336,3.6860814046848174,3.4310021403590376,3.393576697379094
slow,55.0,3.7510606967162676,3.4737665394249033,3.7275400717639613,3.6967542453355886
slow,56.0,3.695482551457435,3.233892237762455,3.613085828178141,3.5971222504552927
slow,57.0,3.247470595317864,3.0213365568389405,3.3259418612525584,3.3214954119143743
slow,58.0,2.944922328005458,2.833010384325292,2.9933702222964467,2.9948953555416127
slow,59.0,2.670827857526937,2.666151773341519,2.6756579364268522,2.678698256395891
slow,60.0,2.3031123905894435,2.5183136071239933,2.397568978489082,2.399421313887948
