kout,two_delta_nll_observed_design,two_delta_nll_with_3h_6h,two_delta_nll_noise_free
0.1,84.2611,126.097,82.2279
0.112202,77.7137,118.758,74.9904
0.125893,71.2741,111.463,67.9407
0.141254,64.9845,104.249,61.1337
0.158489,58.8715,97.1351,54.6064
0.177828,52.9514,90.1317,48.384
0.199526,47.2369,83.2457,42.4856
0.223872,41.7424,76.4878,36.9286
0.251189,36.4885,69.8764,31.7316
0.281838,31.5029,63.439,26.9145
0.316228,26.8193,57.2111,22.4981
0.354813,22.4748,51.2322,18.5004
0.398107,18.505,45.5407,14.9346
0.446684,14.9392,40.1687,11.8059
0.501187,11.7974,35.1394,9.11095
0.562341,9.08808,30.465,6.83758
0.630957,6.80749,26.148,4.9658
0.707946,4.94014,22.1821,3.46854
0.794328,3.45924,18.5545,2.31213
0.891251,2.32762,15.2482,1.45651
1,1.49926,12.2461,0.855969
1.12202,0.922012,9.53568,0.461014
1.25893,0.541371,7.11479,0.221474
1.41254,0.305035,4.99531,0.0905066
1.58489,0.167179,3.20349,0.0283796
1.77828,0.0914206,1.77535,0.00492966
1.99526,0.0517576,0.748382,0
2.23872,0.0315273,0.152052,0.00199558
2.51189,0.0211361,0,0.00539051
2.81838,0.0155579,0.285914,0.00820122
3.16228,0.0123302,0.983343,0.0100953
3.54813,0.0102768,2.04861,0.0112927
3.98107,0.0088313,3.42548,0.0120761
4.46684,0.00771653,5.0502,0.0126434
5.01187,0.00679793,6.85605,0.0131018
5.62341,0.00601111,8.7766,0.0135002
6.30957,0.00532447,10.7477,0.0138581
7.07946,0.00472055,12.7083,0.0141829
7.94328,0.00418772,14.601,0.0144779
8.91251,0.00371689,16.3731,0.0147455
10,0.00330043,17.9779,0.0149877
11.2202,0.00293176,19.3783,0.0152065
12.5893,0.00260516,20.5504,0.0154038
14.1254,0.00231564,21.4862,0.0155815
15.8489,0.00205883,22.195,0.0157413
17.7828,0.00183092,22.7016,0.0158849
19.9526,0.00162855,23.0413,0.0160138
22.3872,0.00144879,23.254,0.0161295
25.1189,0.00128904,23.3775,0.0162332
28.1838,0.00114702,23.4439,0.016326
31.6228,0.00102071,23.4767,0.0164092
35.4813,0.000908342,23.4918,0.0164836
39.8107,0.00080834,23.4985,0.0165502
44.6684,0.000719312,23.5015,0.0166097
50.1187,0.000640026,23.5031,0.0166629
56.2341,0.000569391,23.5042,0.0167105
63.0957,0.000506436,23.505,0.0167531
70.7946,0.000450301,23.5058,0.0167911
79.4328,0.000400222,23.5065,0.0168251
89.1251,0.000355519,23.507,0.0168555
100,0.000315587,23.5076,0.0168827
112.202,0.000279888,23.5081,0.016907
125.893,0.000247942,23.5085,0.0169288
141.254,0.000219322,23.5089,0.0169482
158.489,0.000193648,23.5092,0.0169657
177.828,0.000170581,23.5095,0.0169814
199.526,0.000149821,23.5098,0.0169955
223.872,0.000131102,23.51,0.0170081
251.189,0.000114188,23.5103,0.0170195
281.838,9.88764e-05,23.5105,0.0170298
316.228,8.49913e-05,23.5106,0.0170391
354.813,7.23859e-05,23.5108,0.0170475
398.107,6.0942e-05,23.511,0.0170551
446.684,5.05698e-05,23.5111,0.017062
501.187,4.12086e-05,23.5112,0.0170683
562.341,3.2825e-05,23.5113,0.0170739
630.957,2.54099e-05,23.5114,0.017079
707.946,1.89717e-05,23.5115,0.0170835
794.328,1.3526e-05,23.5116,0.0170874
891.251,9.08082e-06,23.5116,0.0170908
1000,5.62011e-06,23.5117,0.0170936
